{
  "version": "v1.0",
  "state": "PROD",
  "created_at": "2024-12-25T16:01:34+02:00",
  "source": {
    "type": "github",
    "url": "https://github.com/GadOfir/ai-knowledge-control/blob/main/V1/README.md",
    "fetched_at": "2024-12-25T16:01:34+02:00"
  },
  "verification": {
    "file_size_bytes": 5732,
    "section_count": 8,
    "section_8_state": "INITIALIZING",
    "registry_cids": ["R01"],
    "clean_baseline": true,
    "has_test_data": false,
    "has_populated_values": false
  },
  "markers": {
    "production_ready": true,
    "contains_test_data": false,
    "source_verified": true,
    "state_verified": true
  },
  "performance_baseline": {
    "file_size_kb": 5.6,
    "estimated_read_time_seconds": 0.1,
    "estimated_routing_time_seconds": 0.6,
    "section_count": 8,
    "registry_entries": 1
  },
  "core_contract_version": "1.0",
  "template_version": "1.3"
}
