{
  "version": "v1.1",
  "state": "CANDIDATE",
  "created_at": "2024-12-25T18:30:00+02:00",
  "parent_version": "v1.0",
  "source": {
    "type": "pipeline_generated",
    "base_url": "https://github.com/GadOfir/ai-knowledge-control/blob/main/V1/README.md",
    "modifications": "micro_phrase_additions",
    "generated_at": "2024-12-25T18:30:00+02:00"
  },
  "verification": {
    "file_size_bytes": 5852,
    "section_count": 8,
    "section_8_state": "INITIALIZING",
    "registry_cids": ["R01"],
    "clean_baseline": true,
    "has_test_data": false,
    "has_populated_values": false
  },
  "changes": {
    "type": "MINOR",
    "breaking_changes": 0,
    "sections_modified": 6,
    "headers_updated": 6,
    "text_added_bytes": 120,
    "percentage_increase": 2.1
  },
  "markers": {
    "production_ready": false,
    "awaiting_approval": true,
    "contains_test_data": false,
    "source_verified": true,
    "state_verified": true
  },
  "performance_comparison": {
    "v1.0_size_kb": 5.6,
    "v1.1_size_kb": 5.7,
    "size_delta_percent": 2.1,
    "v1.0_routing_time_seconds": 0.6,
    "v1.1_routing_time_seconds": 0.66,
    "routing_delta_percent": 10.0
  },
  "validation_results": {
    "core_contract_tests": "7/7 passed",
    "compatibility_tests": "20/20 passed",
    "regression_failures": 0,
    "approval_gates_passed": ["GATE_0", "GATE_2", "GATE_3", "GATE_4"]
  },
  "core_contract_version": "1.0",
  "template_version": "1.4"
}